{
  "fitted_at": "2026-07-17T09:53:23.690416+02:00",
  "model_version": "d344029",
  "physics2_rev": 1,
  "params": {
    "cp_shelter_front": 0.18234082450778666,
    "cp_shelter_back": 0.4382174635806412,
    "vent_eff": 0.1587813380531646,
    "q_moist": 0.2101599741667878,
    "stair_exch": 4.257764866221271,
    "living": {
      "c_air": 2.227958948650091,
      "c_fast": 4.160954334818658,
      "c_deep": 1.3074035564469726,
      "h_af": 0.4103754578073568,
      "h_fd": 1.5270459098503868,
      "ua_env": 0.21207634773673967,
      "solar_gain": 0.19891902136420844,
      "ua_party": 0.47817859435272436,
      "q_int": 0.15665510553499484,
      "ua_roof": 1.0,
      "f_air": 0.11451780894192162,
      "w_buf": 2.5039248662730453
    },
    "ted": {
      "c_air": 4.452205469595478,
      "c_fast": 8.093248394652193,
      "c_deep": 1.2904637396187641,
      "h_af": 0.2126978914830877,
      "h_fd": 0.0562957653130143,
      "ua_env": 0.10170755931989511,
      "solar_gain": 0.05,
      "ua_party": 0.633023356898236,
      "q_int": 0.4391167680812785,
      "ua_roof": 1.0,
      "f_air": 0.02,
      "w_buf": 1.3226871128621036
    },
    "hotties": {
      "c_air": 4.067373757416281,
      "c_fast": 2.1105587574122873,
      "c_deep": 4.2200448247890225,
      "h_af": 2.9767985558856225,
      "h_fd": 0.6737242057897631,
      "ua_env": 0.3147802568185235,
      "solar_gain": 0.05096533307680436,
      "ua_party": 0.34138411125012824,
      "q_int": 0.9316569703189366,
      "ua_roof": 1.0,
      "f_air": 0.02,
      "w_buf": 0.5253718881383964
    },
    "office": {
      "c_air": 2.6891190875805866,
      "c_fast": 1.8094142008329648,
      "c_deep": 0.05,
      "h_af": 3.3885554114216134,
      "h_fd": 0.05,
      "ua_env": 0.05,
      "solar_gain": 0.3469415180242876,
      "ua_party": 0.0,
      "q_int": 0.4594227829664531,
      "ua_roof": 0.3494176062539869,
      "f_air": 0.02,
      "w_buf": 0.3107771130872809
    },
    "stair": {
      "c_air": 1.0,
      "c_fast": 1.0,
      "c_deep": 1.0,
      "h_af": 1.0,
      "h_fd": 1.0,
      "ua_env": 1.0,
      "solar_gain": 1.0,
      "ua_party": 1.0,
      "q_int": 1.0,
      "ua_roof": 1.0,
      "f_air": 0.4,
      "w_buf": 1.0
    },
    "bath": {
      "c_air": 2.251123083721882,
      "c_fast": 2.2715543429075318,
      "c_deep": 1.5131532918712924,
      "h_af": 0.05,
      "h_fd": 0.05,
      "ua_env": 0.05,
      "solar_gain": 1.0,
      "ua_party": 0.6709285637563956,
      "q_int": 0.0,
      "ua_roof": 1.0,
      "f_air": 0.4,
      "w_buf": 1.1308972098786996
    }
  },
  "railed": [
    "ted.h_fd@floor",
    "ted.ua_env@floor",
    "ted.solar_gain@floor",
    "ted.f_air@floor",
    "hotties.solar_gain@floor",
    "hotties.f_air@floor",
    "office.c_deep@floor",
    "office.h_fd@floor",
    "office.ua_env@floor",
    "office.ua_party@floor",
    "office.f_air@floor",
    "bath.h_af@floor",
    "bath.h_fd@floor",
    "bath.ua_env@floor",
    "bath.q_int@floor"
  ],
  "windows": 11,
  "epochs": 10,
  "accepted": 3,
  "converged": false,
  "samples": 15507,
  "rmse_batch": 0.904,
  "rmse_rh_batch": 4.33,
  "span": {
    "start": "2026-06-02T09:30:00+02:00",
    "end": "2026-07-17T09:30:00+02:00"
  }
}