{
  "fitted_at": "2026-07-19T06:26:30.978974+02:00",
  "model_version": "7409d79",
  "physics2_rev": 1,
  "params": {
    "cp_shelter_front": 0.2006029901183288,
    "cp_shelter_back": 0.44466980860723176,
    "vent_eff": 0.15125396799286553,
    "q_moist": 0.16618301768105986,
    "stair_exch": 3.0588658016278263,
    "living": {
      "c_air": 2.7024860677587355,
      "c_fast": 6.012703599900588,
      "c_deep": 0.05,
      "h_af": 0.3295627201556185,
      "h_fd": 0.09396400711188324,
      "ua_env": 0.47739728338771925,
      "solar_gain": 0.1255836294330664,
      "ua_party": 0.38407417179300796,
      "q_int": 0.3296961065619098,
      "ua_roof": 1.0,
      "f_air": 0.3362784966516407,
      "w_buf": 0.5744124161228386
    },
    "ted": {
      "c_air": 4.326414819616385,
      "c_fast": 8.945208274726346,
      "c_deep": 0.6571343257705224,
      "h_af": 0.252909785292195,
      "h_fd": 0.05,
      "ua_env": 0.05,
      "solar_gain": 0.05,
      "ua_party": 0.330659651070016,
      "q_int": 0.34290259719926613,
      "ua_roof": 1.0,
      "f_air": 0.6194104431752154,
      "w_buf": 1.161835165935876
    },
    "hotties": {
      "c_air": 3.8963500567054927,
      "c_fast": 2.501055642799522,
      "c_deep": 2.590623346160786,
      "h_af": 3.622259270580207,
      "h_fd": 0.5643962687874561,
      "ua_env": 0.604041946945917,
      "solar_gain": 0.08643235128899868,
      "ua_party": 0.6238610128284205,
      "q_int": 1.124768254872903,
      "ua_roof": 1.0,
      "f_air": 0.02,
      "w_buf": 0.5152834664323541
    },
    "office": {
      "c_air": 2.686064852908124,
      "c_fast": 1.3785449814772164,
      "c_deep": 0.05,
      "h_af": 3.6232817468787117,
      "h_fd": 0.12776141935711335,
      "ua_env": 0.05,
      "solar_gain": 0.26212698467695644,
      "ua_party": 0.1190154690041393,
      "q_int": 0.6488285435808764,
      "ua_roof": 0.527416244597116,
      "f_air": 0.02,
      "w_buf": 0.2
    },
    "stair": {
      "c_air": 1.0,
      "c_fast": 1.0,
      "c_deep": 1.0,
      "h_af": 1.0,
      "h_fd": 1.0,
      "ua_env": 1.0,
      "solar_gain": 1.0,
      "ua_party": 1.0,
      "q_int": 1.0,
      "ua_roof": 1.0,
      "f_air": 0.4,
      "w_buf": 1.0
    },
    "bath": {
      "c_air": 2.9172800348310246,
      "c_fast": 3.324513066720339,
      "c_deep": 1.2891434319776354,
      "h_af": 0.23043809611501137,
      "h_fd": 0.05,
      "ua_env": 0.052007270587405514,
      "solar_gain": 1.0,
      "ua_party": 0.09362695597937183,
      "q_int": 0.0,
      "ua_roof": 1.0,
      "f_air": 0.4,
      "w_buf": 1.891209684577536
    }
  },
  "railed": [
    "living.c_deep@floor",
    "living.h_fd@floor",
    "ted.h_fd@floor",
    "ted.ua_env@floor",
    "ted.solar_gain@floor",
    "hotties.solar_gain@floor",
    "hotties.f_air@floor",
    "office.c_deep@floor",
    "office.h_fd@floor",
    "office.ua_env@floor",
    "office.ua_party@floor",
    "office.f_air@floor",
    "office.w_buf@floor",
    "bath.h_fd@floor",
    "bath.ua_env@floor",
    "bath.ua_party@floor",
    "bath.q_int@floor"
  ],
  "windows": 12,
  "epochs": 5,
  "accepted": 2,
  "converged": false,
  "samples": 16551,
  "rmse_batch": 0.939,
  "rmse_rh_batch": 4.04,
  "span": {
    "start": "2026-05-31T06:00:00+02:00",
    "end": "2026-07-19T06:00:00+02:00"
  }
}