{
  "fitted_at": "2026-07-17T07:10:08.173083+02:00",
  "model_version": "983e288",
  "physics2_rev": 1,
  "params": {
    "cp_shelter_front": 0.19507245790069044,
    "cp_shelter_back": 0.4352236689475523,
    "vent_eff": 0.16687923241907865,
    "q_moist": 0.22895293880977793,
    "stair_exch": 4.856506213264341,
    "living": {
      "c_air": 2.0832688122762097,
      "c_fast": 3.8345845174928237,
      "c_deep": 1.3004672007907625,
      "h_af": 0.47508035220590095,
      "h_fd": 1.2978665432902283,
      "ua_env": 0.1982053604606971,
      "solar_gain": 0.19825019346128206,
      "ua_party": 0.48093460748304045,
      "q_int": 0.1464233101873917,
      "ua_roof": 1.0,
      "f_air": 0.11813539936861614,
      "w_buf": 2.254387305524164
    },
    "ted": {
      "c_air": 4.071298806579012,
      "c_fast": 7.2557305405857235,
      "c_deep": 1.5722197674219678,
      "h_af": 0.13174280821862022,
      "h_fd": 0.05,
      "ua_env": 0.05,
      "solar_gain": 0.05,
      "ua_party": 0.7047581325113377,
      "q_int": 0.4610974718840841,
      "ua_roof": 1.0,
      "f_air": 0.02,
      "w_buf": 1.4968956217746345
    },
    "hotties": {
      "c_air": 3.8588773353357326,
      "c_fast": 1.5703021012363374,
      "c_deep": 4.635863469392052,
      "h_af": 3.4439522866511543,
      "h_fd": 0.7870244157011861,
      "ua_env": 0.19676674766236812,
      "solar_gain": 0.05,
      "ua_party": 0.3064440043584372,
      "q_int": 0.9121110963427869,
      "ua_roof": 1.0,
      "f_air": 0.02,
      "w_buf": 0.5078345580632012
    },
    "office": {
      "c_air": 3.4043343355784508,
      "c_fast": 2.038492758584101,
      "c_deep": 0.05,
      "h_af": 2.727081780649829,
      "h_fd": 0.05,
      "ua_env": 0.05,
      "solar_gain": 0.37635081871524273,
      "ua_party": 0.014277831797300506,
      "q_int": 0.47065193231308067,
      "ua_roof": 0.019907962003225838,
      "f_air": 0.02,
      "w_buf": 0.31919949703062145
    },
    "stair": {
      "c_air": 1.0,
      "c_fast": 1.0,
      "c_deep": 1.0,
      "h_af": 1.0,
      "h_fd": 1.0,
      "ua_env": 1.0,
      "solar_gain": 1.0,
      "ua_party": 1.0,
      "q_int": 1.0,
      "ua_roof": 1.0,
      "f_air": 0.4,
      "w_buf": 1.0
    },
    "bath": {
      "c_air": 1.2758424398523354,
      "c_fast": 3.4279989789055616,
      "c_deep": 2.4148992216264755,
      "h_af": 0.05,
      "h_fd": 0.05,
      "ua_env": 0.05,
      "solar_gain": 1.0,
      "ua_party": 0.24757949919792788,
      "q_int": 0.0,
      "ua_roof": 1.0,
      "f_air": 0.4,
      "w_buf": 1.0684134298555303
    }
  },
  "railed": [
    "ted.h_af@floor",
    "ted.h_fd@floor",
    "ted.ua_env@floor",
    "ted.solar_gain@floor",
    "ted.f_air@floor",
    "hotties.solar_gain@floor",
    "hotties.f_air@floor",
    "office.c_deep@floor",
    "office.h_fd@floor",
    "office.ua_env@floor",
    "office.ua_party@floor",
    "office.ua_roof@floor",
    "office.f_air@floor",
    "bath.h_af@floor",
    "bath.h_fd@floor",
    "bath.ua_env@floor",
    "bath.q_int@floor"
  ],
  "windows": 11,
  "epochs": 5,
  "accepted": 2,
  "converged": false,
  "samples": 15414,
  "rmse_batch": 0.941,
  "rmse_rh_batch": 4.33,
  "span": {
    "start": "2026-06-02T06:45:00+02:00",
    "end": "2026-07-17T06:45:00+02:00"
  }
}