{
  "fitted_at": "2026-07-16T08:23:09.383778+02:00",
  "model_version": "afdd13e",
  "physics2_rev": 1,
  "params": {
    "cp_shelter_front": 0.2972585734673887,
    "cp_shelter_back": 0.4482173138908514,
    "vent_eff": 0.2295971492939306,
    "q_moist": 0.2452438945789286,
    "stair_exch": 4.0,
    "living": {
      "c_air": 3.775350514515457,
      "c_fast": 7.0841438961839645,
      "c_deep": 1.674986317530416,
      "h_af": 0.5735113709521175,
      "h_fd": 2.8555545282773784,
      "ua_env": 0.3330802236937257,
      "solar_gain": 0.2609361806728363,
      "ua_party": 0.5366735801734739,
      "q_int": 0.1996727276387036,
      "ua_roof": 1.0,
      "f_air": 0.247450942269287,
      "w_buf": 2.1510059836561455
    },
    "ted": {
      "c_air": 4.673921287428071,
      "c_fast": 8.0,
      "c_deep": 3.4866869011675554,
      "h_af": 0.2,
      "h_fd": 0.673857217941303,
      "ua_env": 0.2,
      "solar_gain": 0.25,
      "ua_party": 0.0632898280533495,
      "q_int": 0.2314572571173945,
      "ua_roof": 1.0,
      "f_air": 0.17816354644611596,
      "w_buf": 1.53180577239459
    },
    "hotties": {
      "c_air": 3.6486026771782365,
      "c_fast": 3.652929347167662,
      "c_deep": 3.716767888602225,
      "h_af": 2.8571938701092785,
      "h_fd": 0.7314632448485813,
      "ua_env": 0.3094355615063412,
      "solar_gain": 0.25,
      "ua_party": 0.4736404667949774,
      "q_int": 0.7319538448967383,
      "ua_roof": 1.0,
      "f_air": 0.1,
      "w_buf": 0.6971887136785516
    },
    "office": {
      "c_air": 4.067659353652215,
      "c_fast": 3.0048713476965156,
      "c_deep": 0.2,
      "h_af": 3.7818758507318524,
      "h_fd": 0.6887779548481632,
      "ua_env": 0.2991944282407038,
      "solar_gain": 0.8846309766388797,
      "ua_party": 0.0,
      "q_int": 0.6841801121667903,
      "ua_roof": 0.023730459313925374,
      "f_air": 0.1,
      "w_buf": 0.43749186312149246
    },
    "stair": {
      "c_air": 1.0,
      "c_fast": 1.0,
      "c_deep": 1.0,
      "h_af": 1.0,
      "h_fd": 1.0,
      "ua_env": 1.0,
      "solar_gain": 1.0,
      "ua_party": 1.0,
      "q_int": 1.0,
      "ua_roof": 1.0,
      "f_air": 0.4,
      "w_buf": 1.0
    },
    "bath": {
      "c_air": 2.3054331736698055,
      "c_fast": 5.262083754641956,
      "c_deep": 3.477115750666524,
      "h_af": 0.3517350257120524,
      "h_fd": 1.1078860736264804,
      "ua_env": 0.2,
      "solar_gain": 1.0,
      "ua_party": 0.0,
      "q_int": 0.0271608756494114,
      "ua_roof": 1.0,
      "f_air": 0.4,
      "w_buf": 1.2458266345965772
    }
  },
  "railed": [
    "global.stair_exch@ceil",
    "living.solar_gain@floor",
    "ted.c_fast@ceil",
    "ted.h_af@floor",
    "ted.ua_env@floor",
    "ted.solar_gain@floor",
    "ted.ua_party@floor",
    "hotties.solar_gain@floor",
    "hotties.f_air@floor",
    "office.c_deep@floor",
    "office.ua_party@floor",
    "office.ua_roof@floor",
    "office.f_air@floor",
    "bath.ua_env@floor",
    "bath.ua_party@floor",
    "bath.q_int@floor"
  ],
  "windows": 15,
  "epochs": 4,
  "converged": false,
  "samples": 20060,
  "rmse_batch": 1.035,
  "rmse_rh_batch": 4.81,
  "span": {
    "start": "2026-05-29T14:48:33+02:00",
    "end": "2026-07-16T08:00:00+02:00"
  }
}