{
  "fitted_at": "2026-07-16T10:54:18.475369+02:00",
  "model_version": "46bd756",
  "physics2_rev": 1,
  "params": {
    "cp_shelter_front": 0.28388465876452085,
    "cp_shelter_back": 0.4484012843741214,
    "vent_eff": 0.20946579645828076,
    "q_moist": 0.20755564831400775,
    "stair_exch": 5.806426378453431,
    "living": {
      "c_air": 4.153370348953258,
      "c_fast": 5.189114181136624,
      "c_deep": 2.841843093406089,
      "h_af": 0.6216218302063558,
      "h_fd": 1.447272011939947,
      "ua_env": 0.5317730941264047,
      "solar_gain": 0.22035031919442674,
      "ua_party": 0.37110797164876935,
      "q_int": 0.23761062545912304,
      "ua_roof": 1.0,
      "f_air": 0.258071952495717,
      "w_buf": 2.16388419947993
    },
    "ted": {
      "c_air": 5.071470986865916,
      "c_fast": 8.705008727839372,
      "c_deep": 4.828291563802554,
      "h_af": 0.15289663604551412,
      "h_fd": 0.39513897145280497,
      "ua_env": 0.05,
      "solar_gain": 0.05,
      "ua_party": 0.0,
      "q_int": 0.11213938440993658,
      "ua_roof": 1.0,
      "f_air": 0.21275518075940975,
      "w_buf": 2.1610589390648727
    },
    "hotties": {
      "c_air": 4.006194979075235,
      "c_fast": 3.224813496982482,
      "c_deep": 4.853774181553668,
      "h_af": 4.052642750284434,
      "h_fd": 0.7222642428639419,
      "ua_env": 0.45790618768807667,
      "solar_gain": 0.12752210125066682,
      "ua_party": 0.030190375359938293,
      "q_int": 0.5494268602288576,
      "ua_roof": 1.0,
      "f_air": 0.02,
      "w_buf": 1.2612847983955904
    },
    "office": {
      "c_air": 2.6152107119863364,
      "c_fast": 2.4537082526825036,
      "c_deep": 0.05,
      "h_af": 3.5540240565617722,
      "h_fd": 2.1535490537475797,
      "ua_env": 0.05,
      "solar_gain": 0.675078601325275,
      "ua_party": 0.0,
      "q_int": 0.6097328447523057,
      "ua_roof": 0.0,
      "f_air": 0.02,
      "w_buf": 0.5673363432662366
    },
    "stair": {
      "c_air": 1.0,
      "c_fast": 1.0,
      "c_deep": 1.0,
      "h_af": 1.0,
      "h_fd": 1.0,
      "ua_env": 1.0,
      "solar_gain": 1.0,
      "ua_party": 1.0,
      "q_int": 1.0,
      "ua_roof": 1.0,
      "f_air": 0.4,
      "w_buf": 1.0
    },
    "bath": {
      "c_air": 1.6507829077487892,
      "c_fast": 4.519677591595335,
      "c_deep": 4.547669057694864,
      "h_af": 0.23249972400711238,
      "h_fd": 1.298437511717693,
      "ua_env": 0.05,
      "solar_gain": 1.0,
      "ua_party": 0.0,
      "q_int": 0.005326090831127124,
      "ua_roof": 1.0,
      "f_air": 0.4,
      "w_buf": 3.1374017918269743
    }
  },
  "railed": [
    "ted.ua_env@floor",
    "ted.solar_gain@floor",
    "ted.ua_party@floor",
    "hotties.ua_party@floor",
    "hotties.f_air@floor",
    "office.c_deep@floor",
    "office.ua_env@floor",
    "office.ua_party@floor",
    "office.ua_roof@floor",
    "office.f_air@floor",
    "bath.ua_env@floor",
    "bath.ua_party@floor",
    "bath.q_int@floor"
  ],
  "windows": 11,
  "epochs": 5,
  "converged": false,
  "samples": 15071,
  "rmse_batch": 0.982,
  "rmse_rh_batch": 4.49,
  "span": {
    "start": "2026-05-29T14:48:33+02:00",
    "end": "2026-07-16T09:45:00+02:00"
  }
}