{
  "fitted_at": "2026-07-16T07:10:37.046067+02:00",
  "model_version": "0dbb29a",
  "physics2_rev": 1,
  "params": {
    "cp_shelter_front": 0.27237850244423556,
    "cp_shelter_back": 0.4348803719660885,
    "vent_eff": 0.2031929012099363,
    "q_moist": 0.2331617471858615,
    "stair_exch": 3.5663490342395545,
    "living": {
      "c_air": 2.8058614387109317,
      "c_fast": 6.638498650997269,
      "c_deep": 1.8516694569247945,
      "h_af": 0.5850706022073495,
      "h_fd": 1.169744203056404,
      "ua_env": 0.5290727737446377,
      "solar_gain": 0.25,
      "ua_party": 0.4827507038570728,
      "q_int": 0.2311982978146398,
      "ua_roof": 1.0,
      "f_air": 0.31549381042350133,
      "w_buf": 1.4461251329794487
    },
    "ted": {
      "c_air": 5.787308036772423,
      "c_fast": 5.152961339878063,
      "c_deep": 4.549312879851363,
      "h_af": 0.2,
      "h_fd": 0.767963007772552,
      "ua_env": 0.2,
      "solar_gain": 0.25,
      "ua_party": 0.008305569125467146,
      "q_int": 0.20041898232120386,
      "ua_roof": 1.0,
      "f_air": 0.35899742187164996,
      "w_buf": 1.0729544891704939
    },
    "hotties": {
      "c_air": 2.4109820291464463,
      "c_fast": 2.7822869059496576,
      "c_deep": 3.5025672138778803,
      "h_af": 4.089794238436308,
      "h_fd": 1.243008279812055,
      "ua_env": 0.2,
      "solar_gain": 0.25,
      "ua_party": 0.5373074886566505,
      "q_int": 0.6480159765219022,
      "ua_roof": 1.0,
      "f_air": 0.1,
      "w_buf": 0.6080135836229507
    },
    "office": {
      "c_air": 4.089662904555311,
      "c_fast": 3.480896993680294,
      "c_deep": 0.2,
      "h_af": 4.591934829631697,
      "h_fd": 1.9572016100787974,
      "ua_env": 0.20312309322018635,
      "solar_gain": 0.7466897437681291,
      "ua_party": 0.05523270105246515,
      "q_int": 1.0486179547512393,
      "ua_roof": 0.0,
      "f_air": 0.1,
      "w_buf": 0.26148104382749543
    },
    "stair": {
      "c_air": 1.0,
      "c_fast": 1.0,
      "c_deep": 1.0,
      "h_af": 1.0,
      "h_fd": 1.0,
      "ua_env": 1.0,
      "solar_gain": 1.0,
      "ua_party": 1.0,
      "q_int": 1.0,
      "ua_roof": 1.0,
      "f_air": 0.4,
      "w_buf": 1.0
    },
    "bath": {
      "c_air": 1.8599570183209506,
      "c_fast": 4.5531622310260405,
      "c_deep": 2.815243464759704,
      "h_af": 0.27558743674967767,
      "h_fd": 1.8345481915886257,
      "ua_env": 0.2,
      "solar_gain": 1.0,
      "ua_party": 0.0,
      "q_int": 0.01826743833736308,
      "ua_roof": 1.0,
      "f_air": 0.4,
      "w_buf": 0.8863408761596917
    }
  },
  "railed": [
    "living.solar_gain@floor",
    "ted.h_af@floor",
    "ted.ua_env@floor",
    "ted.solar_gain@floor",
    "ted.ua_party@floor",
    "hotties.ua_env@floor",
    "hotties.solar_gain@floor",
    "hotties.f_air@floor",
    "office.c_deep@floor",
    "office.ua_env@floor",
    "office.ua_party@floor",
    "office.ua_roof@floor",
    "office.f_air@floor",
    "office.w_buf@floor",
    "bath.h_af@floor",
    "bath.ua_env@floor",
    "bath.ua_party@floor",
    "bath.q_int@floor"
  ],
  "windows": 15,
  "epochs": 4,
  "converged": false,
  "samples": 19961,
  "rmse_batch": 1.077,
  "rmse_rh_batch": 4.8,
  "span": {
    "start": "2026-05-29T14:48:33+02:00",
    "end": "2026-07-16T06:45:00+02:00"
  }
}